{
	"ASCII Anti Aliased": true,
	"Ambiguous Double Width": false,
	"Ansi 0 Color": {
		"Green Component": 0,
		"Red Component": 0,
		"Blue Component": 0
	},
	"Ansi 1 Color": {
		"Green Component": 0,
		"Red Component": 0.7333333492279053,
		"Blue Component": 0
	},
	"Ansi 10 Color": {
		"Green Component": 1,
		"Red Component": 0.3333333432674408,
		"Blue Component": 0.3333333432674408
	},
	"Ansi 11 Color": {
		"Green Component": 1,
		"Red Component": 1,
		"Blue Component": 0.3333333432674408
	},
	"Ansi 12 Color": {
		"Green Component": 0.3333333432674408,
		"Red Component": 0.3333333432674408,
		"Blue Component": 1
	},
	"Ansi 13 Color": {
		"Green Component": 0.3333333432674408,
		"Red Component": 1,
		"Blue Component": 1
	},
	"Ansi 14 Color": {
		"Green Component": 1,
		"Red Component": 0.3333333432674408,
		"Blue Component": 1
	},
	"Ansi 15 Color": {
		"Green Component": 1,
		"Red Component": 1,
		"Blue Component": 1
	},
	"Ansi 2 Color": {
		"Green Component": 0.7333333492279053,
		"Red Component": 0,
		"Blue Component": 0
	},
	"Ansi 3 Color": {
		"Green Component": 0.7333333492279053,
		"Red Component": 0.7333333492279053,
		"Blue Component": 0
	},
	"Ansi 4 Color": {
		"Green Component": 0,
		"Red Component": 0,
		"Blue Component": 0.7333333492279053
	},
	"Ansi 5 Color": {
		"Green Component": 0,
		"Red Component": 0.7333333492279053,
		"Blue Component": 0.7333333492279053
	},
	"Ansi 6 Color": {
		"Green Component": 0.7333333492279053,
		"Red Component": 0,
		"Blue Component": 0.7333333492279053
	},
	"Ansi 7 Color": {
		"Green Component": 0.7333333492279053,
		"Red Component": 0.7333333492279053,
		"Blue Component": 0.7333333492279053
	},
	"Ansi 8 Color": {
		"Green Component": 0.3333333432674408,
		"Red Component": 0.3333333432674408,
		"Blue Component": 0.3333333432674408
	},
	"Ansi 9 Color": {
		"Green Component": 0.3333333432674408,
		"Red Component": 1,
		"Blue Component": 0.3333333432674408
	},
	"BM Growl": true,
	"Background Color": {
		"Green Component": 0,
		"Red Component": 0,
		"Blue Component": 0
	},
	"Background Image Location": "",
	"Blinking Cursor": false,
	"Blur": false,
	"Bold Color": {
		"Green Component": 1,
		"Red Component": 1,
		"Blue Component": 1
	},
	"Character Encoding": 4,
	"Close Sessions On End": true,
	"Columns": 80,
	"Command": "",
	"Cursor Color": {
		"Green Component": 0.7333333492279053,
		"Red Component": 0.7333333492279053,
		"Blue Component": 0.7333333492279053
	},
	"Cursor Text Color": {
		"Green Component": 1,
		"Red Component": 1,
		"Blue Component": 1
	},
	"Cursor Type": 2,
	"Custom Command": "No",
	"Custom Directory": "No",
	"Default Bookmark": "No",
	"Description": "Default",
	"Disable Window Resizing": true,
	"Draw Powerline Glyphs": true,
	"Flashing Bell": false,
	"Foreground Color": {
		"Green Component": 0.7333333492279053,
		"Red Component": 0.7333333492279053,
		"Blue Component": 0.7333333492279053
	},
	"Guid": "74CED4F8-D083-412E-AE24-659A807EE28C",
	"Horizontal Spacing": 1,
	"Idle Code": 0,
	"Jobs to Ignore": [
		"rlogin",
		"ssh",
		"slogin",
		"telnet"
	],
	"Keyboard Map": {
		"0x33-0x200000-0x0": {
			"Text": "3",
			"Action": 12
		},
		"0x2f-0x200000-0x0": {
			"Text": "/",
			"Action": 12
		},
		"0x3-0x200000-0x0": {
			"Text": "0xd",
			"Action": 11
		},
		"0xf712-0x40000": {
			"Text": "[28;5~",
			"Action": 10
		},
		"0x38-0x200000-0x0": {
			"Text": "8",
			"Action": 12
		},
		"0xf70b-0x40000": {
			"Text": "[19;5~",
			"Action": 10
		},
		"0xf728-0x80000-0x0": {
			"Text": "d",
			"Action": 10
		},
		"0xf70e-0x20000-0x0": {
			"Text": "[23;2~",
			"Action": 10
		},
		"0xf701-0x220000-0x0": {
			"Text": "[1;2B",
			"Action": 10
		},
		"0x32-0x40000-0x0": {
			"Text": "0x00",
			"Action": 11
		},
		"0xf700-0x240000-0x0": {
			"Text": "[1;5A",
			"Action": 10
		},
		"0xf703-0x220000-0x0": {
			"Text": "[1;2C",
			"Action": 10
		},
		"0xf70b-0x20000-0x0": {
			"Text": "[19;2~",
			"Action": 10
		},
		"0xf702-0x240000-0x0": {
			"Text": "[1;5D",
			"Action": 10
		},
		"0xf706-0x40000": {
			"Text": "[1;5R",
			"Action": 10
		},
		"0xf701-0x260000-0x0": {
			"Text": "[1;6B",
			"Action": 10
		},
		"0xf72b-0x40000-0x0": {
			"Text": "[1;5F",
			"Action": 10
		},
		"0xf703-0x260000-0x0": {
			"Text": "[1;6C",
			"Action": 10
		},
		"0x31-0x200000-0x0": {
			"Text": "1",
			"Action": 12
		},
		"0xf702-0x280000-0x0": {
			"Text": "b",
			"Action": 10
		},
		"0x2d-0x200000-0x0": {
			"Text": "-",
			"Action": 12
		},
		"0xf709-0x20000-0x0": {
			"Text": "[17;2~",
			"Action": 10
		},
		"0xf70f-0x40000": {
			"Text": "[24;5~",
			"Action": 10
		},
		"0x36-0x200000-0x0": {
			"Text": "6",
			"Action": 12
		},
		"0xf706-0x20000-0x0": {
			"Text": "[1;2R",
			"Action": 10
		},
		"0x36-0x40000-0x0": {
			"Text": "0x1e",
			"Action": 11
		},
		"0xf711-0x40000": {
			"Text": "[26;5~",
			"Action": 10
		},
		"0xf70a-0x40000": {
			"Text": "[18;5~",
			"Action": 10
		},
		"0xf729-0x40000-0x0": {
			"Text": "[1;5H",
			"Action": 10
		},
		"0x2d-0x40000-0x0": {
			"Text": "0x1f",
			"Action": 11
		},
		"0xf702-0x300000-0x0": {
			"Text": "0x1",
			"Action": 11
		},
		"0x7f-0x80000-0x0": {
			"Text": "0x1b 0x7f",
			"Action": 11
		},
		"0xf705-0x40000": {
			"Text": "[1;5Q",
			"Action": 10
		},
		"0x33-0x40000-0x0": {
			"Text": "0x1b",
			"Action": 11
		},
		"0x2b-0x200000-0x0": {
			"Text": "+",
			"Action": 12
		},
		"0xf70d-0x20000-0x0": {
			"Text": "[21;2~",
			"Action": 10
		},
		"0x34-0x200000-0x0": {
			"Text": "4",
			"Action": 12
		},
		"0xf70e-0x40000": {
			"Text": "[23;5~",
			"Action": 10
		},
		"0xf710-0x40000": {
			"Text": "[25;5~",
			"Action": 10
		},
		"0xf72b-0x20000-0x0": {
			"Text": "[1;2F",
			"Action": 10
		},
		"0x39-0x200000-0x0": {
			"Text": "9",
			"Action": 12
		},
		"0xf70a-0x20000-0x0": {
			"Text": "[18;2~",
			"Action": 10
		},
		"0xf709-0x40000": {
			"Text": "[17;5~",
			"Action": 10
		},
		"0x37-0x40000-0x0": {
			"Text": "0x1f",
			"Action": 11
		},
		"0xf704-0x40000": {
			"Text": "[1;5P",
			"Action": 10
		},
		"0xf708-0x20000-0x0": {
			"Text": "[15;2~",
			"Action": 10
		},
		"0xf729-0x20000-0x0": {
			"Text": "[1;2H",
			"Action": 10
		},
		"0xf700-0x220000-0x0": {
			"Text": "[1;2A",
			"Action": 10
		},
		"0xf705-0x20000-0x0": {
			"Text": "[1;2Q",
			"Action": 10
		},
		"0xf702-0x220000-0x0": {
			"Text": "[1;2D",
			"Action": 10
		},
		"0x2e-0x200000-0x0": {
			"Text": ".",
			"Action": 12
		},
		"0x32-0x200000-0x0": {
			"Text": "2",
			"Action": 12
		},
		"0xf701-0x240000-0x0": {
			"Text": "[1;5B",
			"Action": 10
		},
		"0xf700-0x260000-0x0": {
			"Text": "[1;6A",
			"Action": 10
		},
		"0xf70d-0x40000": {
			"Text": "[21;5~",
			"Action": 10
		},
		"0xf703-0x240000-0x0": {
			"Text": "[1;5C",
			"Action": 10
		},
		"0x37-0x200000-0x0": {
			"Text": "7",
			"Action": 12
		},
		"0xf702-0x260000-0x0": {
			"Text": "[1;6D",
			"Action": 10
		},
		"0x34-0x40000-0x0": {
			"Text": "0x1c",
			"Action": 11
		},
		"0xf708-0x40000": {
			"Text": "[15;5~",
			"Action": 10
		},
		"0xf703-0x280000-0x0": {
			"Text": "f",
			"Action": 10
		},
		"0xf70f-0x20000-0x0": {
			"Text": "[24;2~",
			"Action": 10
		},
		"0x7f-0x100000-0x0": {
			"Text": "0x15",
			"Action": 11
		},
		"0xf70c-0x20000-0x0": {
			"Text": "[20;2~",
			"Action": 10
		},
		"0xf703-0x300000-0x0": {
			"Text": "0x5",
			"Action": 11
		},
		"0x38-0x40000-0x0": {
			"Text": "0x7f",
			"Action": 11
		},
		"0x30-0x200000-0x0": {
			"Text": "0",
			"Action": 12
		},
		"0x35-0x200000-0x0": {
			"Text": "5",
			"Action": 12
		},
		"0xf70c-0x40000": {
			"Text": "[20;5~",
			"Action": 10
		},
		"0xf739-0x0-0x0": {
			"Text": "",
			"Action": 13
		},
		"0xf707-0x20000-0x0": {
			"Text": "[1;2S",
			"Action": 10
		},
		"0xf707-0x40000": {
			"Text": "[1;5S",
			"Action": 10
		},
		"0xf704-0x20000-0x0": {
			"Text": "[1;2P",
			"Action": 10
		},
		"0x35-0x40000-0x0": {
			"Text": "0x1d",
			"Action": 11
		},
		"0xf728-0x0-0x0": {
			"Text": "0x4",
			"Action": 11
		},
		"0x2a-0x200000-0x0": {
			"Text": "*",